PLAYER,TYPE,PRICE PAID,TEAM,Year,,,,
Christopher Morris,All-Rounder," ₹ 625,000.00 ",Chennai Super Kings,2013,,,,
Dirk Nannes,Bowler," ₹ 600,000.00 ",Chennai Super Kings,2013,,,,
Ben Laughlin,Bowler," ₹ 20,000.00 ",Chennai Super Kings,2013,,,,
Akila Dananjaya,All-Rounder," ₹ 20,000.00 ",Chennai Super Kings,2013,,,,
Jason Holder,Bowler," ₹ 20,000.00 ",Chennai Super Kings,2013,,,,
Johan Botha,All-Rounder," ₹ 450,000.00 ",Delhi Daredevils,2013,,,,
Jesse Ryder,All-Rounder," ₹ 260,000.00 ",Delhi Daredevils,2013,,,,
Jeevan Mendis,All-Rounder," ₹ 50,000.00 ",Delhi Daredevils,2013,,,,
Manpreet Gony,Bowler," ₹ 500,000.00 ",Kings XI Punjab,2013,,,,
Luke Pomersbach,Batsman," ₹ 300,000.00 ",Kings XI Punjab,2013,,,,
Sachithra Senanayaka,All-Rounder," ₹ 625,000.00 ",Kolkata Knight Riders,2013,,,,
Ryan McLaren,Bowler," ₹ 50,000.00 ",Kolkata Knight Riders,2013,,,,
Glenn Maxwell,All-Rounder," ₹ 1,000,000.00 ",Mumbai Indians,2013,,,,
Nathan Coulter-Nile,Bowler," ₹ 450,000.00 ",Mumbai Indians,2013,,,,
Ricky Ponting,Batsman," ₹ 400,000.00 ",Mumbai Indians,2013,,,,
Philip Hughes,Batsman," ₹ 100,000.00 ",Mumbai Indians,2013,,,,
Jacob Oram,All-Rounder," ₹ 50,000.00 ",Mumbai Indians,2013,,,,
Ajantha Mendis,Bowler," ₹ 725,000.00 ",Pune Warriors India,2013,,,,
Kane Richardson,Bowler," ₹ 700,000.00 ",Pune Warriors India,2013,,,,
Abhishek Nayar,All-Rounder," ₹ 675,000.00 ",Pune Warriors India,2013,,,,
Michael Clarke,Batsman," ₹ 400,000.00 ",Pune Warriors India,2013,,,,
James Faulkner,All-Rounder," ₹ 400,000.00 ",Rajasthan Royals,2013,,,,
Fidel Edwards,Bowler," ₹ 210,000.00 ",Rajasthan Royals,2013,,,,
Kusal Janith Perera,Wicket Keeper," ₹ 20,000.00 ",Rajasthan Royals,2013,,,,
Jaydev Unadkat,Bowler," ₹ 525,000.00 ",Royal Challengers Bangalore,2013,,,,
Rudra Pratap Singh,Bowler," ₹ 400,000.00 ",Royal Challengers Bangalore,2013,,,,
Moises Henriques,All-Rounder," ₹ 300,000.00 ",Royal Challengers Bangalore,2013,,,,
Ravi Rampaul,Bowler," ₹ 290,000.00 ",Royal Challengers Bangalore,2013,,,,
Pankaj Singh,Bowler," ₹ 150,000.00 ",Royal Challengers Bangalore,2013,,,,
Daniel Christian,All-Rounder," ₹ 100,000.00 ",Royal Challengers Bangalore,2013,,,,
Christopher Barnwell,All-Rounder," ₹ 50,000.00 ",Royal Challengers Bangalore,2013,,,,
Thisara Perera,All-Rounder," ₹ 675,000.00 ",Sunrisers Hyderabad,2013,,,,
Darren Sammy,All-Rounder," ₹ 425,000.00 ",Sunrisers Hyderabad,2013,,,,
Sudeep Tyagi,Bowler," ₹ 100,000.00 ",Sunrisers Hyderabad,2013,,,,
Clinton McKay,Bowler," ₹ 100,000.00 ",Sunrisers Hyderabad,2013,,,,
Nathan McCullum,Bowler," ₹ 100,000.00 ",Sunrisers Hyderabad,2013,,,,
Quinton De Kock,Wicket Keeper," ₹ 20,000.00 ",Sunrisers Hyderabad,2013,,,,
Faf Du Plessis,Batsman,"₹4,75,00,000",Chennai Super Kings,2014,,,,
Dwayne Smith,Batsman,"₹4,50,00,000",Chennai Super Kings,2014,,,,
Brendon McCullum,Wicket Keeper,"₹3,25,00,000",Chennai Super Kings,2014,,,,
Ashish Nehra,Bowler,"₹2,00,00,000",Chennai Super Kings,2014,,,,
Mohit Sharma,Bowler,"₹2,00,00,000",Chennai Super Kings,2014,,,,
Ishwar Chandra Pandey,Bowler,"₹1,50,00,000",Chennai Super Kings,2014,,,,
Ben Hilfenhaus,Bowler,"₹1,00,00,000",Chennai Super Kings,2014,,,,
John Hastings,All-Rounder,"₹50,00,000",Chennai Super Kings,2014,,,,
Samuel Badree,Bowler,"₹30,00,000",Chennai Super Kings,2014,,,,
Matt Henry,Bowler,"₹30,00,000",Chennai Super Kings,2014,,,,
Mithun Manhas,All-Rounder,"₹30,00,000",Chennai Super Kings,2014,,,,
Vijay Shankar,All-Rounder,"₹10,00,000",Chennai Super Kings,2014,,,,
Ronit More,Bowler,"₹10,00,000",Chennai Super Kings,2014,,,,
Baba Aparajith,Batsman,"₹10,00,000",Chennai Super Kings,2014,,,,
Pawan Negi,Bowler,"₹10,00,000",Chennai Super Kings,2014,,,,
Dinesh Karthik,Wicket Keeper,"₹12,50,00,000",Delhi Daredevils,2014,,,,
Kevin Pietersen,Batsman,"₹9,00,00,000",Delhi Daredevils,2014,,,,
Murali Vijay,Batsman,"₹5,00,00,000",Delhi Daredevils,2014,,,,
Mohammad Shami,Bowler,"₹4,25,00,000",Delhi Daredevils,2014,,,,
Nathan Coulter-Nile,Bowler,"₹4,25,00,000",Delhi Daredevils,2014,,,,
Quinton De Kock,Wicket Keeper,"₹3,50,00,000",Delhi Daredevils,2014,,,,
Manoj Tiwary,Batsman,"₹2,80,00,000",Delhi Daredevils,2014,,,,
Jaydev Unadkat,Bowler,"₹2,80,00,000",Delhi Daredevils,2014,,,,
Jean-Paul Duminy,Batsman,"₹2,20,00,000",Delhi Daredevils,2014,,,,
Ross Taylor,Batsman,"₹2,00,00,000",Delhi Daredevils,2014,,,,
Kedar Jadhav,Batsman,"₹2,00,00,000",Delhi Daredevils,2014,,,,
Rahul Sharma,Bowler,"₹1,90,00,000",Delhi Daredevils,2014,,,,
Mayank Agarwal,Batsman,"₹1,60,00,000",Delhi Daredevils,2014,,,,
Laxmi Ratan Shukla,All-Rounder,"₹1,50,00,000",Delhi Daredevils,2014,,,,
James Neesham,All-Rounder,"₹1,00,00,000",Delhi Daredevils,2014,,,,
Wayne Parnell,Bowler,"₹1,00,00,000",Delhi Daredevils,2014,,,,
Shahbaz Nadeem,Bowler,"₹85,00,000",Delhi Daredevils,2014,,,,
Saurabh Tiwary,Batsman,"₹70,00,000",Delhi Daredevils,2014,,,,
Siddarth Kaul,Bowler,"₹45,00,000",Delhi Daredevils,2014,,,,
Rahul Shukla,Bowler,"₹40,00,000",Delhi Daredevils,2014,,,,
Jayant Yadav,All-Rounder,"₹10,00,000",Delhi Daredevils,2014,,,,
HS Sharath,Bowler,"₹10,00,000",Delhi Daredevils,2014,,,,
Milind Kumar,Batsman,"₹10,00,000",Delhi Daredevils,2014,,,,
Mitchell Johnson,All-Rounder,"₹6,50,00,000",Kings XI Punjab,2014,,,,
Glenn Maxwell,All-Rounder,"₹6,00,00,000",Kings XI Punjab,2014,,,,
George Bailey,Batsman,"₹3,25,00,000",Kings XI Punjab,2014,,,,
Virender Sehwag,Batsman,"₹3,20,00,000",Kings XI Punjab,2014,,,,
Rishi Dhawan,All-Rounder,"₹3,00,00,000",Kings XI Punjab,2014,,,,
Wriddhiman Saha,Wicket Keeper,"₹2,20,00,000",Kings XI Punjab,2014,,,,
Shaun Marsh,Batsman,"₹2,20,00,000",Kings XI Punjab,2014,,,,
Cheteshwar Pujara,Batsman,"₹1,90,00,000",Kings XI Punjab,2014,,,,
Beuran Hendricks,Bowler,"₹1,80,00,000",Kings XI Punjab,2014,,,,
Lakshmipathy Balaji,Bowler,"₹1,80,00,000",Kings XI Punjab,2014,,,,
Thisara Perera,All-Rounder,"₹1,60,00,000",Kings XI Punjab,2014,,,,
Gurkirat Singh Mann,Batsman,"₹1,30,00,000",Kings XI Punjab,2014,,,,
Murali Kartik,Bowler,"₹1,00,00,000",Kings XI Punjab,2014,,,,
Sandeep Sharma,Bowler,"₹85,00,000",Kings XI Punjab,2014,,,,
Mandeep Hardev Singh,All-Rounder,"₹80,00,000",Kings XI Punjab,2014,,,,
Akshar Rajesh Patel,All-Rounder,"₹75,00,000",Kings XI Punjab,2014,,,,
Parvinder Awana,Bowler,"₹65,00,000",Kings XI Punjab,2014,,,,
Shardul Narendra Thakur,Bowler,"₹20,00,000",Kings XI Punjab,2014,,,,
Anureet Singh,Bowler,"₹20,00,000",Kings XI Punjab,2014,,,,
Shivam Sharma,Bowler,"₹10,00,000",Kings XI Punjab,2014,,,,
Karanveer Singh,All-Rounder,"₹10,00,000",Kings XI Punjab,2014,,,,
Jacques Kallis,All-Rounder,"₹5,50,00,000",Kolkata Knight Riders,2014,,,,
Robin Uthappa,Batsman,"₹5,00,00,000",Kolkata Knight Riders,2014,,,,
Piyush Chawla,Bowler,"₹4,25,00,000",Kolkata Knight Riders,2014,,,,
Yusuf Pathan,All-Rounder,"₹3,25,00,000",Kolkata Knight Riders,2014,,,,
Shakib Al Hasan,All-Rounder,"₹2,80,00,000",Kolkata Knight Riders,2014,,,,
Morne Morkel,Bowler,"₹2,80,00,000",Kolkata Knight Riders,2014,,,,
Ranganath Vinay Kumar,Bowler,"₹2,80,00,000",Kolkata Knight Riders,2014,,,,
Umesh Yadav,Bowler,"₹2,60,00,000",Kolkata Knight Riders,2014,,,,
Manish Pandey,Batsman,"₹1,70,00,000",Kolkata Knight Riders,2014,,,,
Chris Lynn,Batsman,"₹1,30,00,000",Kolkata Knight Riders,2014,,,,
Patrick Cummins,Bowler,"₹1,00,00,000",Kolkata Knight Riders,2014,,,,
Ryan Ten Doeschate,All-Rounder,"₹1,00,00,000",Kolkata Knight Riders,2014,,,,
Suryakumar Yadav,Batsman,"₹70,00,000",Kolkata Knight Riders,2014,,,,
Andre Russell,All-Rounder,"₹60,00,000",Kolkata Knight Riders,2014,,,,
Manvinder Bisla,Wicket Keeper,"₹60,00,000",Kolkata Knight Riders,2014,,,,
Veer Pratap Singh,Bowler,"₹40,00,000",Kolkata Knight Riders,2014,,,,
Kuldeep Singh Yadav,Bowler,"₹40,00,000",Kolkata Knight Riders,2014,,,,
Debabrata Das,Wicket Keeper,"₹20,00,000",Kolkata Knight Riders,2014,,,,
Sayan Sekhar Mandal,All-Rounder,"₹10,00,000",Kolkata Knight Riders,2014,,,,
Michael Hussey,Batsman,"₹5,00,00,000",Mumbai Indians,2014,,,,
Corey Anderson,All-Rounder,"₹4,50,00,000",Mumbai Indians,2014,,,,
Pragyan Ojha,Bowler,"₹3,25,00,000",Mumbai Indians,2014,,,,
Zaheer Khan,Bowler,"₹2,60,00,000",Mumbai Indians,2014,,,,
Aditya Tare,Wicket Keeper,"₹1,60,00,000",Mumbai Indians,2014,,,,
Jasprit Bumrah,Bowler,"₹1,20,00,000",Mumbai Indians,2014,,,,
Jalaj Saxena,All-Rounder,"₹90,00,000",Mumbai Indians,2014,,,,
Josh Hazlewood,Bowler,"₹50,00,000",Mumbai Indians,2014,,,,
Marchant De Lange,Bowler,"₹30,00,000",Mumbai Indians,2014,,,,
Krismar Santokie,Bowler,"₹30,00,000",Mumbai Indians,2014,,,,
Ben Dunk,Wicket Keeper,"₹20,00,000",Mumbai Indians,2014,,,,
C.M. Gautam,Wicket Keeper,"₹20,00,000",Mumbai Indians,2014,,,,
Apoorv Vijay Wankhade,Batsman,"₹10,00,000",Mumbai Indians,2014,,,,
Pawan Suyal,Bowler,"₹10,00,000",Mumbai Indians,2014,,,,
Sushant Marathe,Wicket Keeper,"₹10,00,000",Mumbai Indians,2014,,,,
Shreyas Gopal,Bowler,"₹10,00,000",Mumbai Indians,2014,,,,
Steven Smith,All-Rounder,"₹4,00,00,000",Rajasthan Royals,2014,,,,
Brad Hodge,Batsman,"₹2,40,00,000",Rajasthan Royals,2014,,,,
Rajat Bhatia,All-Rounder,"₹1,70,00,000",Rajasthan Royals,2014,,,,
Tim Southee,Bowler,"₹1,20,00,000",Rajasthan Royals,2014,,,,
Dhawal Kulkarni,Bowler,"₹1,10,00,000",Rajasthan Royals,2014,,,,
Abhishek Nayar,All-Rounder,"₹1,00,00,000",Rajasthan Royals,2014,,,,
Kane Richardson,Bowler,"₹1,00,00,000",Rajasthan Royals,2014,,,,
Ben Cutting,Bowler,"₹80,00,000",Rajasthan Royals,2014,,,,
Karun Nair,Batsman,"₹75,00,000",Rajasthan Royals,2014,,,,
Unmukt Chand,Batsman,"₹65,00,000",Rajasthan Royals,2014,,,,
Iqbal Abdullah,All-Rounder,"₹65,00,000",Rajasthan Royals,2014,,,,
Deepak Hooda,Bowler,"₹40,00,000",Rajasthan Royals,2014,,,,
Dishant Yagnik,Wicket Keeper,"₹30,00,000",Rajasthan Royals,2014,,,,
Kevon Cooper,All-Rounder,"₹30,00,000",Rajasthan Royals,2014,,,,
Vikramjeet Malik,Bowler,"₹20,00,000",Rajasthan Royals,2014,,,,
Ankit Nagendra Sharma,Bowler,"₹10,00,000",Rajasthan Royals,2014,,,,
Rahul Tewatia,All-Rounder,"₹10,00,000",Rajasthan Royals,2014,,,,
Ankush Bains,Wicket Keeper,"₹10,00,000",Rajasthan Royals,2014,,,,
Amit Mishra,Bowler,"₹10,00,000",Rajasthan Royals,2014,,,,
Pravin Tambe,Bowler,"₹10,00,000",Rajasthan Royals,2014,,,,
Yuvraj Singh,All-Rounder,"₹14,00,00,000",Royal Challengers Bangalore,2014,,,,
Mitchell Starc,Bowler,"₹5,00,00,000",Royal Challengers Bangalore,2014,,,,
Albie Morkel,All-Rounder,"₹2,40,00,000",Royal Challengers Bangalore,2014,,,,
Varun Aaron,Bowler,"₹2,00,00,000",Royal Challengers Bangalore,2014,,,,
Ashok Dinda,Bowler,"₹1,50,00,000",Royal Challengers Bangalore,2014,,,,
Parthiv Patel,Wicket Keeper,"₹1,40,00,000",Royal Challengers Bangalore,2014,,,,
Muttiah Muralitharan,Bowler,"₹1,00,00,000",Royal Challengers Bangalore,2014,,,,
Ravi Rampaul,Bowler,"₹90,00,000",Royal Challengers Bangalore,2014,,,,
Nic Maddinson,Batsman,"₹50,00,000",Royal Challengers Bangalore,2014,,,,
Harshal Patel,Bowler,"₹40,00,000",Royal Challengers Bangalore,2014,,,,
Vijay Zol,Batsman,"₹30,00,000",Royal Challengers Bangalore,2014,,,,
Abu Nechim Ahmed,Bowler,"₹30,00,000",Royal Challengers Bangalore,2014,,,,
Sachin Rana,Bowler,"₹20,00,000",Royal Challengers Bangalore,2014,,,,
Shadab Jakati,Bowler,"₹20,00,000",Royal Challengers Bangalore,2014,,,,
Sandeep Warrier,Bowler,"₹10,00,000",Royal Challengers Bangalore,2014,,,,
Tanmay Mishra,Batsman,"₹10,00,000",Royal Challengers Bangalore,2014,,,,
Yogesh Takawale,Wicket Keeper,"₹10,00,000",Royal Challengers Bangalore,2014,,,,
Yuzvendra Singh Chahal,Bowler,"₹10,00,000",Royal Challengers Bangalore,2014,,,,
David Warner,Batsman,"₹5,50,00,000",Sunrisers Hyderabad,2014,,,,
Amit Mishra,Bowler,"₹4,75,00,000",Sunrisers Hyderabad,2014,,,,
Bhuvneshwar Kumar,Bowler,"₹4,25,00,000",Sunrisers Hyderabad,2014,,,,
Aaron Finch,Batsman,"₹4,00,00,000",Sunrisers Hyderabad,2014,,,,
Karn Sharma,Bowler,"₹3,75,00,000",Sunrisers Hyderabad,2014,,,,
Darren Sammy,All-Rounder,"₹3,50,00,000",Sunrisers Hyderabad,2014,,,,
Ishant Sharma,Bowler,"₹2,60,00,000",Sunrisers Hyderabad,2014,,,,
Irfan Pathan,All-Rounder,"₹2,40,00,000",Sunrisers Hyderabad,2014,,,,
Moises Henriques,All-Rounder,"₹1,00,00,000",Sunrisers Hyderabad,2014,,,,
KL Rahul,Batsman,"₹1,00,00,000",Sunrisers Hyderabad,2014,,,,
Parveez Rasool,All-Rounder,"₹95,00,000",Sunrisers Hyderabad,2014,,,,
Jason Holder,Bowler,"₹75,00,000",Sunrisers Hyderabad,2014,,,,
Venugopal Rao,Batsman,"₹55,00,000",Sunrisers Hyderabad,2014,,,,
Naman Ojha,Wicket Keeper,"₹50,00,000",Sunrisers Hyderabad,2014,,,,
Brendan Taylor,Wicket Keeper,"₹30,00,000",Sunrisers Hyderabad,2014,,,,
Prasanth Parameswaran,Bowler,"₹30,00,000",Sunrisers Hyderabad,2014,,,,
Amit Paunikar,Wicket Keeper,"₹20,00,000",Sunrisers Hyderabad,2014,,,,
Ashish Reddy,Bowler,"₹20,00,000",Sunrisers Hyderabad,2014,,,,
Srikkanth Anirudha,Batsman,"₹20,00,000",Sunrisers Hyderabad,2014,,,,
Ricky Bhui,Batsman,"₹10,00,000",Sunrisers Hyderabad,2014,,,,
Chama Milind,Bowler,"₹10,00,000",Sunrisers Hyderabad,2014,,,,
Manprit Juneja,Batsman,"₹10,00,000",Sunrisers Hyderabad,2014,,,,
Michael Hussey,Batsman,"₹1,50,00,000",Chennai Super Kings,2015,,,,
Irfan Pathan,All-Rounder,"₹1,50,00,000",Chennai Super Kings,2015,,,,
Rahul Sharma,Bowler,"₹30,00,000",Chennai Super Kings,2015,,,,
Kyle Abbott,Bowler,"₹30,00,000",Chennai Super Kings,2015,,,,
Andrew Tye,Bowler,"₹20,00,000",Chennai Super Kings,2015,,,,
Pratyush Singh,All-Rounder,"₹10,00,000",Chennai Super Kings,2015,,,,
Ankush Bains,Wicket Keeper,"₹10,00,000",Chennai Super Kings,2015,,,,
Eklavya Dwivedi,Wicket Keeper,"₹10,00,000",Chennai Super Kings,2015,,,,
Yuvraj Singh,Batsman,"₹16,00,00,000",Delhi Daredevils,2015,,,,
Angelo Mathews,All-Rounder,"₹7,50,00,000",Delhi Daredevils,2015,,,,
Zaheer Khan,Bowler,"₹4,00,00,000",Delhi Daredevils,2015,,,,
Amit Mishra,Bowler,"₹3,50,00,000",Delhi Daredevils,2015,,,,
Shreyas Iyer,Batsman,"₹2,60,00,000",Delhi Daredevils,2015,,,,
Gurinder Sandhu,Bowler,"₹1,70,00,000",Delhi Daredevils,2015,,,,
Jaydev Unadkat,Bowler,"₹1,10,00,000",Delhi Daredevils,2015,,,,
Domnic Joseph Muthuswamy,Bowler,"₹75,00,000",Delhi Daredevils,2015,,,,
Albie Morkel,All-Rounder,"₹30,00,000",Delhi Daredevils,2015,,,,
Travis Head,Batsman,"₹30,00,000",Delhi Daredevils,2015,,,,
Marcus Stoinis,All-Rounder,"₹25,00,000",Delhi Daredevils,2015,,,,
C.M. Gautam,Wicket Keeper,"₹20,00,000",Delhi Daredevils,2015,,,,
Kona Srikar Bharat,Wicket Keeper,"₹10,00,000",Delhi Daredevils,2015,,,,
K.K. Jiyaz,Bowler,"₹10,00,000",Delhi Daredevils,2015,,,,
Murali Vijay,Batsman,"₹3,00,00,000",Kings XI Punjab,2015,,,,
Nikhil Shankar Naik,Wicket Keeper,"₹30,00,000",Kings XI Punjab,2015,,,,
Yogesh Gowalkar,All-Rounder,"₹10,00,000",Kings XI Punjab,2015,,,,
K.C. Cariappa,Bowler,"₹2,40,00,000",Kolkata Knight Riders,2015,,,,
James Neesham,All-Rounder,"₹50,00,000",Kolkata Knight Riders,2015,,,,
Brad Hogg,Bowler,"₹50,00,000",Kolkata Knight Riders,2015,,,,
Aditya Garhwal,All-Rounder,"₹25,00,000",Kolkata Knight Riders,2015,,,,
Sheldon Jackson,Batsman,"₹15,00,000",Kolkata Knight Riders,2015,,,,
Sumit Narwal,All-Rounder,"₹10,00,000",Kolkata Knight Riders,2015,,,,
Vaibhav Rawal,All-Rounder,"₹10,00,000",Kolkata Knight Riders,2015,,,,
Aaron Finch,Batsman,"₹3,20,00,000",Mumbai Indians,2015,,,,
Pragyan Ojha,Bowler,"₹50,00,000",Mumbai Indians,2015,,,,
Abhimanyu Mithun,Bowler,"₹30,00,000",Mumbai Indians,2015,,,,
Mitchell McClenaghan,Bowler,"₹30,00,000",Mumbai Indians,2015,,,,
Aiden Blizzard,Batsman,"₹30,00,000",Mumbai Indians,2015,,,,
Hardik Pandya,All-Rounder,"₹10,00,000",Mumbai Indians,2015,,,,
Akshay Wakhare,Bowler,"₹10,00,000",Mumbai Indians,2015,,,,
Nitish Rana,All-Rounder,"₹10,00,000",Mumbai Indians,2015,,,,
Siddhesh Dinesh Lad,All-Rounder,"₹10,00,000",Mumbai Indians,2015,,,,
J. Suchitch,All-Rounder,"₹10,00,000",Mumbai Indians,2015,,,,
Christopher Morris,All-Rounder,"₹1,40,00,000",Rajasthan Royals,2015,,,,
Juan Theron,Bowler,"₹30,00,000",Rajasthan Royals,2015,,,,
Barinder Singh Saran,Bowler,"₹10,00,000",Rajasthan Royals,2015,,,,
Dinesh Salunkhe,All-Rounder,"₹10,00,000",Rajasthan Royals,2015,,,,
Sagar Trivedi,All-Rounder,"₹10,00,000",Rajasthan Royals,2015,,,,
Pardeep Sahu,All-Rounder,"₹10,00,000",Rajasthan Royals,2015,,,,
Dinesh Karthik,Wicket Keeper,"₹10,50,00,000",Royal Challengers Bangalore,2015,,,,
Darren Sammy,All-Rounder,"₹2,80,00,000",Royal Challengers Bangalore,2015,,,,
David Wiese,All-Rounder,"₹2,80,00,000",Royal Challengers Bangalore,2015,,,,
Sean Abbott,Bowler,"₹1,00,00,000",Royal Challengers Bangalore,2015,,,,
Adam Milne,Bowler,"₹70,00,000",Royal Challengers Bangalore,2015,,,,
Sarfaraz Naushad Khan,Batsman,"₹50,00,000",Royal Challengers Bangalore,2015,,,,
Subramaniam Badrinath,Batsman,"₹30,00,000",Royal Challengers Bangalore,2015,,,,
Jalaj Saxena,All-Rounder,"₹10,00,000",Royal Challengers Bangalore,2015,,,,
Shishir Bhavane,Batsman,"₹10,00,000",Royal Challengers Bangalore,2015,,,,
Trent Boult,Bowler,"₹3,80,00,000",Sunrisers Hyderabad,2015,,,,
Praveen Kumar,Bowler,"₹2,20,00,000",Sunrisers Hyderabad,2015,,,,
Kevin Pietersen,Batsman,"₹2,00,00,000",Sunrisers Hyderabad,2015,,,,
Eoin Morgan,Batsman,"₹1,50,00,000",Sunrisers Hyderabad,2015,,,,
Ravi Bopara,All-Rounder,"₹1,00,00,000",Sunrisers Hyderabad,2015,,,,
Kane Williamson,All-Rounder,"₹60,00,000",Sunrisers Hyderabad,2015,,,,
Laxmi Ratan Shukla,All-Rounder,"₹30,00,000",Sunrisers Hyderabad,2015,,,,
Prasanth Padmanabhan,All-Rounder,"₹10,00,000",Sunrisers Hyderabad,2015,,,,
Hanuma Vihari,Batsman,"₹10,00,000",Sunrisers Hyderabad,2015,,,,
Siddarth Kaul,Bowler,"₹10,00,000",Sunrisers Hyderabad,2015,,,,
Pawan Negi,All-Rounder,"₹8,50,00,000",Delhi Daredevils,2016,,,,
Christopher Morris,All-Rounder,"₹7,00,00,000",Delhi Daredevils,2016,,,,
Sanju Samson,Wicket Keeper,"₹4,20,00,000",Delhi Daredevils,2016,,,,
Carlos Brathwaite,All-Rounder,"₹4,20,00,000",Delhi Daredevils,2016,,,,
Karun Nair,Batsman,"₹4,00,00,000",Delhi Daredevils,2016,,,,
Rishabh Pant,Wicket Keeper,"₹1,90,00,000",Delhi Daredevils,2016,,,,
Joel Paris,Bowler,"₹30,00,000",Delhi Daredevils,2016,,,,
Sam Billings,Wicket Keeper,"₹30,00,000",Delhi Daredevils,2016,,,,
Chama Milind,Bowler,"₹10,00,000",Delhi Daredevils,2016,,,,
Pratyush Singh,All-Rounder,"₹10,00,000",Delhi Daredevils,2016,,,,
Mahipal Lomror,All-Rounder,"₹10,00,000",Delhi Daredevils,2016,,,,
Syed Khaleel Ahmed,All-Rounder,"₹10,00,000",Delhi Daredevils,2016,,,,
Akhil Arvind Herwadkar,All-Rounder,"₹10,00,000",Delhi Daredevils,2016,,,,
Pawan Suyal,Bowler,"₹10,00,000",Delhi Daredevils,2016,,,,
Praveen Kumar,Bowler,"₹3,50,00,000",Gujarat Lions,2016,,,,
Dale Steyn,Bowler,"₹2,30,00,000",Gujarat Lions,2016,,,,
Dinesh Karthik,Wicket Keeper,"₹2,30,00,000",Gujarat Lions,2016,,,,
Dwayne Smith,All-Rounder,"₹2,30,00,000",Gujarat Lions,2016,,,,
Dhawal Kulkarni,Bowler,"₹2,00,00,000",Gujarat Lions,2016,,,,
Aaron Finch,Batsman,"₹1,00,00,000",Gujarat Lions,2016,,,,
Eklavya Dwivedi,Wicket Keeper,"₹1,00,00,000",Gujarat Lions,2016,,,,
Andrew Tye,All-Rounder,"₹50,00,000",Gujarat Lions,2016,,,,
Ishan Kishan,Wicket Keeper,"₹35,00,000",Gujarat Lions,2016,,,,
Jaydev Shah,All-Rounder,"₹20,00,000",Gujarat Lions,2016,,,,
Shadab Jakati,All-Rounder,"₹20,00,000",Gujarat Lions,2016,,,,
Pravin Tambe,Bowler,"₹20,00,000",Gujarat Lions,2016,,,,
Pradeep Sangwan,All-Rounder,"₹20,00,000",Gujarat Lions,2016,,,,
Amit Mishra,Bowler,"₹10,00,000",Gujarat Lions,2016,,,,
Shivil Kaushik,Bowler,"₹10,00,000",Gujarat Lions,2016,,,,
Akshdeep Nath,All-Rounder,"₹10,00,000",Gujarat Lions,2016,,,,
Sarabjit Ladda,Bowler,"₹10,00,000",Gujarat Lions,2016,,,,
Umang Sharma,Batsman,"₹10,00,000",Gujarat Lions,2016,,,,
Paras Dogra,Batsman,"₹10,00,000",Gujarat Lions,2016,,,,
Mohit Sharma,Bowler,"₹6,50,00,000",Kings XI Punjab,2016,,,,
Kyle Abbott,Bowler,"₹2,10,00,000",Kings XI Punjab,2016,,,,
K.C. Cariappa,Bowler,"₹80,00,000",Kings XI Punjab,2016,,,,
Marcus Stoinis,All-Rounder,"₹55,00,000",Kings XI Punjab,2016,,,,
Farhaan Behardien,All-Rounder,"₹30,00,000",Kings XI Punjab,2016,,,,
Pardeep Sahu,All-Rounder,"₹10,00,000",Kings XI Punjab,2016,,,,
Armaan Jaffer,Batsman,"₹10,00,000",Kings XI Punjab,2016,,,,
Swapnil Singh,All-Rounder,"₹10,00,000",Kings XI Punjab,2016,,,,
Jaydev Unadkat,Bowler,"₹1,60,00,000",Kolkata Knight Riders,2016,,,,
Ankit Singh Rajpoot,Bowler,"₹1,50,00,000",Kolkata Knight Riders,2016,,,,
John Hastings,Bowler,"₹1,30,00,000",Kolkata Knight Riders,2016,,,,
Jason Holder,All-Rounder,"₹70,00,000",Kolkata Knight Riders,2016,,,,
Colin Munro,All-Rounder,"₹30,00,000",Kolkata Knight Riders,2016,,,,
Rajagopal Sathish,All-Rounder,"₹20,00,000",Kolkata Knight Riders,2016,,,,
Manan Ajay Sharma,All-Rounder,"₹10,00,000",Kolkata Knight Riders,2016,,,,
Jos Buttler,Wicket Keeper,"₹3,80,00,000",Mumbai Indians,2016,,,,
Nathu Singh,Bowler,"₹3,20,00,000",Mumbai Indians,2016,,,,
Tim Southee,Bowler,"₹2,50,00,000",Mumbai Indians,2016,,,,
Krunal Pandya,All-Rounder,"₹2,00,00,000",Mumbai Indians,2016,,,,
Kishore Pramod Kamath,All-Rounder,"₹1,40,00,000",Mumbai Indians,2016,,,,
Deepak Punia,All-Rounder,"₹10,00,000",Mumbai Indians,2016,,,,
Jitesh Sharma,Wicket Keeper,"₹10,00,000",Mumbai Indians,2016,,,,
Mitchell Marsh,All-Rounder,"₹4,80,00,000",Rising Pune Supergiant,2016,,,,
M. Ashwin,Bowler,"₹4,50,00,000",Rising Pune Supergiant,2016,,,,
Ishant Sharma,Bowler,"₹3,80,00,000",Rising Pune Supergiant,2016,,,,
Kevin Pietersen,Batsman,"₹3,50,00,000",Rising Pune Supergiant,2016,,,,
Irfan Pathan,All-Rounder,"₹1,00,00,000",Rising Pune Supergiant,2016,,,,
Thisara Perera,All-Rounder,"₹1,00,00,000",Rising Pune Supergiant,2016,,,,
Rajat Bhatia,All-Rounder,"₹60,00,000",Rising Pune Supergiant,2016,,,,
Ashok Dinda,Bowler,"₹50,00,000",Rising Pune Supergiant,2016,,,,
Scott Boland,Bowler,"₹50,00,000",Rising Pune Supergiant,2016,,,,
Peter Handscomb,Wicket Keeper,"₹30,00,000",Rising Pune Supergiant,2016,,,,
Rudra Pratap Singh,Bowler,"₹30,00,000",Rising Pune Supergiant,2016,,,,
Adam Zampa,Bowler,"₹30,00,000",Rising Pune Supergiant,2016,,,,
Ishwar Chandra Pandey,Bowler,"₹20,00,000",Rising Pune Supergiant,2016,,,,
Deepak Chahar,All-Rounder,"₹10,00,000",Rising Pune Supergiant,2016,,,,
Jaskaran Singh,Bowler,"₹10,00,000",Rising Pune Supergiant,2016,,,,
Baba Aparajith,All-Rounder,"₹10,00,000",Rising Pune Supergiant,2016,,,,
Ankush Bains,Wicket Keeper,"₹10,00,000",Rising Pune Supergiant,2016,,,,
Ankit Sharma,All-Rounder,"₹10,00,000",Rising Pune Supergiant,2016,,,,
Shane Watson,All-Rounder,"₹9,50,00,000",Royal Challengers Bangalore,2016,,,,
Stuart Binny,All-Rounder,"₹2,00,00,000",Royal Challengers Bangalore,2016,,,,
Kane Richardson,Bowler,"₹2,00,00,000",Royal Challengers Bangalore,2016,,,,
Samuel Badree,Bowler,"₹50,00,000",Royal Challengers Bangalore,2016,,,,
Travis Head,Batsman,"₹50,00,000",Royal Challengers Bangalore,2016,,,,
Praveen Dubey,All-Rounder,"₹35,00,000",Royal Challengers Bangalore,2016,,,,
Vikramjeet Malik,Bowler,"₹20,00,000",Royal Challengers Bangalore,2016,,,,
Akshay Karnewar,All-Rounder,"₹10,00,000",Royal Challengers Bangalore,2016,,,,
Iqbal Abdullah,All-Rounder,"₹10,00,000",Royal Challengers Bangalore,2016,,,,
Sachin Baby,Batsman,"₹10,00,000",Royal Challengers Bangalore,2016,,,,
Vikas Tokas,Bowler,"₹10,00,000",Royal Challengers Bangalore,2016,,,,
Yuvraj Singh,All-Rounder,"₹7,00,00,000",Sunrisers Hyderabad,2016,,,,
Ashish Nehra,Bowler,"₹5,50,00,000",Sunrisers Hyderabad,2016,,,,
Deepak Hooda,All-Rounder,"₹4,20,00,000",Sunrisers Hyderabad,2016,,,,
Mustafizur Rahman,Bowler,"₹1,40,00,000",Sunrisers Hyderabad,2016,,,,
Aditya Tare,Wicket Keeper,"₹1,20,00,000",Sunrisers Hyderabad,2016,,,,
Barinder Singh Sran,Bowler,"₹1,20,00,000",Sunrisers Hyderabad,2016,,,,
Ben Cutting,All-Rounder,"₹50,00,000",Sunrisers Hyderabad,2016,,,,
Vijay Shankar,All-Rounder,"₹35,00,000",Sunrisers Hyderabad,2016,,,,
Abhimanyu Mithun,Bowler,"₹30,00,000",Sunrisers Hyderabad,2016,,,,
Tirumalasetti Suman,Batsman,"₹10,00,000",Sunrisers Hyderabad,2016,,,,
Kagiso Rabada,Bowler,"₹5,00,00,000",Delhi Daredevils,2017,,,,
Patrick Cummins,Bowler,"₹4,50,00,000",Delhi Daredevils,2017,,,,
Angelo Mathews,All-Rounder,"₹2,00,00,000",Delhi Daredevils,2017,,,,
Corey Anderson,All-Rounder,"₹1,00,00,000",Delhi Daredevils,2017,,,,
M. Ashwin,Bowler,"₹1,00,00,000",Delhi Daredevils,2017,,,,
Aditya Tare,Wicket Keeper,"₹25,00,000",Delhi Daredevils,2017,,,,
Ankeet Bawane,Batsman,"₹10,00,000",Delhi Daredevils,2017,,,,
Navdeep Saini,Bowler,"₹10,00,000",Delhi Daredevils,2017,,,,
Shashank Singh,All-Rounder,"₹10,00,000",Delhi Daredevils,2017,,,,
Jason Roy,Batsman,"₹1,00,00,000",Gujarat Lions,2017,,,,
Basil Thampi,Bowler,"₹85,00,000",Gujarat Lions,2017,,,,
Manpreet Gony,Bowler,"₹60,00,000",Gujarat Lions,2017,,,,
Nathu Singh,Bowler,"₹50,00,000",Gujarat Lions,2017,,,,
Munaf Patel,Bowler,"₹30,00,000",Gujarat Lions,2017,,,,
Akshdeep Nath,All-Rounder,"₹10,00,000",Gujarat Lions,2017,,,,
Shubam Agrawal,All-Rounder,"₹10,00,000",Gujarat Lions,2017,,,,
Tejas Singh Baroka,Bowler,"₹10,00,000",Gujarat Lions,2017,,,,
Chirag Suri,Batsman,"₹10,00,000",Gujarat Lions,2017,,,,
Pratham Singh,All-Rounder,"₹10,00,000",Gujarat Lions,2017,,,,
Shelley Shaurya,Bowler,"₹10,00,000",Gujarat Lions,2017,,,,
T Natarajan,Bowler,"₹3,00,00,000",Kings XI Punjab,2017,,,,
Varun Aaron,Bowler,"₹2,80,00,000",Kings XI Punjab,2017,,,,
Eoin Morgan,Batsman,"₹2,00,00,000",Kings XI Punjab,2017,,,,
Matt Henry,Bowler,"₹50,00,000",Kings XI Punjab,2017,,,,
Martin Guptill,Batsman,"₹50,00,000",Kings XI Punjab,2017,,,,
Darren Sammy,All-Rounder,"₹30,00,000",Kings XI Punjab,2017,,,,
Rahul Tewatia,All-Rounder,"₹25,00,000",Kings XI Punjab,2017,,,,
Rinku Singh,Batsman,"₹10,00,000",Kings XI Punjab,2017,,,,
Trent Boult,Bowler,"₹5,00,00,000",Kolkata Knight Riders,2017,,,,
Chris Woakes,All-Rounder,"₹4,20,00,000",Kolkata Knight Riders,2017,,,,
Nathan Coulter-Nile,Bowler,"₹3,50,00,000",Kolkata Knight Riders,2017,,,,
Rishi Dhawan,All-Rounder,"₹55,00,000",Kolkata Knight Riders,2017,,,,
Darren Bravo,Batsman,"₹50,00,000",Kolkata Knight Riders,2017,,,,
Rovman Powell,All-Rounder,"₹30,00,000",Kolkata Knight Riders,2017,,,,
Sayan Ghosh,Bowler,"₹10,00,000",Kolkata Knight Riders,2017,,,,
R. Sanjay Yadav,All-Rounder,"₹10,00,000",Kolkata Knight Riders,2017,,,,
Ishank Jaggi,Batsman,"₹10,00,000",Kolkata Knight Riders,2017,,,,
Karn Sharma,All-Rounder,"₹3,20,00,000",Mumbai Indians,2017,,,,
Krishnappa Gowtham,All-Rounder,"₹2,00,00,000",Mumbai Indians,2017,,,,
Mitchell Johnson,Bowler,"₹2,00,00,000",Mumbai Indians,2017,,,,
Asela Gunarathna,Batsman,"₹30,00,000",Mumbai Indians,2017,,,,
Saurabh Tiwary,Batsman,"₹30,00,000",Mumbai Indians,2017,,,,
Nicolas Pooran,Wicket Keeper,"₹30,00,000",Mumbai Indians,2017,,,,
Kulwant Khejroliya,Bowler,"₹10,00,000",Mumbai Indians,2017,,,,
Benjamin Stokes,All-Rounder,"₹14,50,00,000",Rising Pune Supergiant,2017,,,,
Daniel Christian,All-Rounder,"₹1,00,00,000",Rising Pune Supergiant,2017,,,,
Manoj Tiwary,Batsman,"₹50,00,000",Rising Pune Supergiant,2017,,,,
Lockie Ferguson,Bowler,"₹50,00,000",Rising Pune Supergiant,2017,,,,
Jaydev Unadkat,Bowler,"₹30,00,000",Rising Pune Supergiant,2017,,,,
Rahul Chahar,Bowler,"₹10,00,000",Rising Pune Supergiant,2017,,,,
Saurabh Kumar,Bowler,"₹10,00,000",Rising Pune Supergiant,2017,,,,
Milind Tandon,All-Rounder,"₹10,00,000",Rising Pune Supergiant,2017,,,,
Rahul Ajay Tripathi,All-Rounder,"₹10,00,000",Rising Pune Supergiant,2017,,,,
Tymal Mills,Bowler,"₹12,00,00,000",Royal Challengers Bangalore,2017,,,,
Aniket Choudhary,Bowler,"₹2,00,00,000",Royal Challengers Bangalore,2017,,,,
Pawan Negi,All-Rounder,"₹1,00,00,000",Royal Challengers Bangalore,2017,,,,
Billy Stanlake,Bowler,"₹30,00,000",Royal Challengers Bangalore,2017,,,,
Praveen Dubey,All-Rounder,"₹10,00,000",Royal Challengers Bangalore,2017,,,,
Rashid Khan Arman,Bowler,"₹4,00,00,000",Sunrisers Hyderabad,2017,,,,
Mohammed Siraj,Bowler,"₹2,60,00,000",Sunrisers Hyderabad,2017,,,,
Eklavya Dwivedi,Wicket Keeper,"₹75,00,000",Sunrisers Hyderabad,2017,,,,
Chris Jordan,All-Rounder,"₹50,00,000",Sunrisers Hyderabad,2017,,,,
Mohammad Nabi,All-Rounder,"₹30,00,000",Sunrisers Hyderabad,2017,,,,
Ben Laughlin,Bowler,"₹30,00,000",Sunrisers Hyderabad,2017,,,,
Pravin Tambe,Bowler,"₹10,00,000",Sunrisers Hyderabad,2017,,,,
Tanmay Agarwal,Batsman,"₹10,00,000",Sunrisers Hyderabad,2017,,,,